Model,Validation Accuracy,Test Accuracy
CNN,0.4832567274570465,0.2549800796812749
