Model,Validation Accuracy,Test Accuracy
CNN,0.7531188726425171,0.5865767698437021
