Model,Validation Accuracy,Test Accuracy
CNN,0.5508863925933838,0.8810910205332516
